customer_id,name,signup_date,city,state,age_group
1,Alexis Carroll MD,2023-08-02,West Amy,Hawaii,18-25
2,Angela Patrick,2023-07-30,Khanborough,North Carolina,18-25
3,Shelly Rivera,2023-12-17,Amberhaven,Wyoming,above 55
4,Zoe Kelley,2024-04-09,South Jennifer,Oklahoma,46-55
5,Ashley Murphy,2023-04-12,Austinburgh,New Hampshire,36-45
6,Brian Sanchez,2022-11-10,New Anthony,Wyoming,above 55
7,Brian Mcknight,2024-06-02,New Jordanport,Connecticut,above 55
8,Kenneth Chan,2024-11-13,West Alyssa,Delaware,36-45
9,Joshua Davila,2025-07-03,Sosaville,Louisiana,18-25
10,Ricky Howell,2023-09-24,Jensenview,Minnesota,above 55
11,Anthony Oconnor,2025-07-12,East Kristinefort,Pennsylvania,36-45
12,David Williams,2025-09-25,Donnahaven,Wyoming,18-25
13,David Curry,2025-02-05,South David,New York,18-25
14,Gwendolyn Anderson,2023-12-26,Thomasmouth,New Hampshire,26-35
15,John Jones,2024-07-29,Brooketown,Rhode Island,36-45
16,Michelle Holloway,2024-10-23,West Benjamin,Utah,18-25
17,James Cox,2024-06-30,Rochatown,Alaska,46-55
18,Catherine Adams,2024-11-12,West David,Arkansas,above 55
19,Alexis Maxwell,2023-02-10,South Hannah,West Virginia,46-55
20,Ryan Ross,2024-06-29,Allenmouth,Illinois,26-35
21,Alexandra Wood,2023-11-07,North Michaelfurt,Wisconsin,above 55
22,Alice Thomas DVM,2024-03-16,Nelsonfurt,Georgia,36-45
23,David Hernandez,2025-08-01,Holtmouth,Hawaii,26-35
24,Jill Martinez,2024-08-19,New Jean,Utah,36-45
25,Katherine Brooks,2023-08-10,Lake Stacyshire,Rhode Island,36-45
26,Tracy Brown,2024-04-05,East Leslieberg,Montana,above 55
27,Teresa Williams,2024-11-15,Sanderschester,Texas,above 55
28,Laura Hunt,2024-02-27,Jamieburgh,Nevada,above 55
29,Ronald Collins,2025-01-23,West Mollyburgh,Mississippi,36-45
30,Dr. Jeremy Schmidt,2024-11-07,North Jasmine,Oregon,18-25
31,Debbie Snyder DVM,2025-07-22,Ryanfurt,Delaware,above 55
32,Melvin Jackson,2023-06-27,Richardburgh,Georgia,26-35
33,Dave Brooks,2024-06-28,Kennethview,Tennessee,26-35
34,Cheryl Thompson,2024-01-08,North Robertside,New Mexico,18-25
35,Curtis Foster,2025-01-04,West Wandatown,Rhode Island,46-55
36,Tonya Davidson,2025-06-23,New Robertville,Ohio,18-25
37,Kristin King,2025-04-13,South Nathanborough,West Virginia,36-45
38,Kevin Cortez,2023-10-10,New Jonathan,Iowa,46-55
39,Marilyn Powell,2024-09-25,Paulberg,Washington,36-45
40,Malik Day,2023-08-19,Amyberg,Minnesota,36-45
41,Erin Reyes DDS,2025-03-02,Masonborough,Texas,18-25
42,Amanda Johnson,2024-04-13,Butlerfurt,Ohio,above 55
43,Lisa Vaughan,2022-12-03,Brownmouth,Nevada,18-25
44,Mary Mann,2024-07-28,West Jasmine,Pennsylvania,36-45
45,Ashley Weaver,2025-06-06,East Tammyview,Delaware,above 55
46,Eric Walker,2025-07-07,Knoxchester,Maine,46-55
47,Katelyn Donaldson,2025-07-13,East Jasonhaven,New York,36-45
48,David Moore,2025-02-14,North Valeriefurt,Rhode Island,above 55
49,Austin Mcdonald,2023-03-04,Derekbury,West Virginia,26-35
50,Nicholas Davis,2024-09-15,Lewisborough,Massachusetts,26-35
51,Nicholas Allen,2025-02-27,East Kimberly,Virginia,46-55
52,Erica Briggs,2025-01-26,East Austin,Colorado,26-35
53,Christina Ochoa,2023-11-16,Michaelborough,Connecticut,36-45
54,Jason Zuniga,2024-02-24,Port Amychester,Connecticut,46-55
55,Sheryl Owens,2023-06-13,Nicholashaven,Missouri,46-55
56,Sarah Jones,2024-03-11,Jessicaland,Utah,46-55
57,Sarah Burnett,2023-04-16,North Justin,New York,18-25
58,Misty Cameron,2025-06-23,Colleenshire,Washington,46-55
59,Danielle Taylor,2025-02-12,South Sarahport,Wisconsin,26-35
60,Laura Preston,2023-09-14,Mirandaview,New Mexico,46-55
61,Deanna Salas,2023-05-21,East David,South Dakota,26-35
62,Maria Cross,2024-07-12,Petersonfurt,Colorado,above 55
63,Ryan Thornton,2023-11-27,Lake Howard,Nevada,36-45
64,Nicholas Ball,2023-09-01,Connorchester,New Jersey,18-25
65,Duane Holmes,2025-01-19,East Lauraberg,Vermont,46-55
66,Nicholas Haynes,2024-07-11,Edwardburgh,California,46-55
67,Marilyn Jones,2024-11-14,Evelynside,Connecticut,36-45
68,Paula Stephens,2023-09-27,Carsonfort,Louisiana,46-55
69,Anthony Gamble,2023-06-28,North Matthew,Oregon,18-25
70,Diana Allen,2022-12-02,Caldwellfurt,Massachusetts,36-45
71,Jonathan Turner,2025-05-17,Vargasburgh,Indiana,36-45
72,Jackson Griffith,2023-04-11,Ayersmouth,North Carolina,26-35
73,Jacob Porter,2025-07-11,East Kellyhaven,Nebraska,26-35
74,Carolyn Garcia,2022-10-24,West Kennethmouth,North Dakota,above 55
75,Keith Weber,2024-04-24,Lake Julieside,Mississippi,26-35
76,Larry Clark,2025-07-31,Davidport,Missouri,above 55
77,Lauren Lee,2024-04-20,East Angelastad,Iowa,18-25
78,Melissa Brown,2023-01-08,Thomaschester,Mississippi,36-45
79,Chase Brown,2024-11-23,East Jamesmouth,Maine,46-55
80,Michael Johnson,2023-12-13,Donnatown,Florida,46-55
81,Stephanie Hansen,2023-04-19,North Jose,Michigan,above 55
82,Barbara Thomas,2025-03-07,Patrickberg,Alaska,46-55
83,Lori Rivera,2023-04-22,Martinville,Nevada,above 55
84,Nicole Allison,2024-03-26,East Jacob,Colorado,36-45
85,John Tanner,2023-10-08,Jenniferville,Wyoming,36-45
86,Maria Cook,2023-08-01,Fisherburgh,Hawaii,above 55
87,Kenneth Boyd,2024-10-30,Michaelshire,North Dakota,36-45
88,Shelia Gregory,2025-07-15,Wardborough,Kansas,26-35
89,Judy Bennett,2025-01-12,North Anthony,Mississippi,36-45
90,Brett Beck,2024-11-09,Davidsonmouth,Washington,18-25
91,Mary Cook,2023-08-13,East Gregory,Michigan,36-45
92,Michelle Randolph,2025-05-29,Lake Charlesshire,Pennsylvania,36-45
93,Crystal Wiggins,2023-04-15,North Marc,Pennsylvania,46-55
94,Mr. Aaron Glover,2024-09-05,Jenniferbury,Kentucky,18-25
95,John Martinez,2023-07-09,Briannaberg,Colorado,above 55
96,Shannon Richardson,2023-01-08,Port Ravenfurt,Mississippi,26-35
97,Patrick Hutchinson,2023-12-13,Gibbsborough,Colorado,18-25
98,Willie Orozco,2023-09-20,West Bethanyside,North Carolina,above 55
99,Derek Taylor,2025-03-18,East Timothy,Alaska,46-55
100,Darryl Rodriguez,2024-01-29,East Michael,Maine,18-25
101,Roy Johnson,2024-10-13,Lake Teresa,Rhode Island,18-25
102,Perry Wright,2024-05-13,New Justin,Arizona,above 55
103,Rachel Rose,2024-11-30,Carlosborough,New York,18-25
104,Donna Wiley,2022-11-30,Mcdowellfort,Tennessee,above 55
105,Seth Greer,2023-04-06,North Brittanyland,Massachusetts,26-35
106,Lisa Wade,2023-05-27,South Brianborough,Oklahoma,46-55
107,Richard Hayes,2024-07-08,Richardville,Oklahoma,18-25
108,Jon Payne,2024-01-14,South Colinfort,Arizona,36-45
109,Gregory Nash,2025-03-01,South Kathryn,New York,46-55
110,Mr. Kevin Bates MD,2024-01-04,Josephborough,Connecticut,above 55
111,Molly Castaneda,2023-01-07,Davisberg,Missouri,36-45
112,Austin Bell,2023-06-19,New Donnachester,Oklahoma,18-25
113,Casey Armstrong,2025-09-02,Parkerborough,Kentucky,36-45
114,Heather Moyer,2023-12-24,Ashleechester,Massachusetts,46-55
115,Paul Campbell,2023-11-16,North Nicolestad,South Carolina,26-35
116,Roberto Lewis,2024-12-31,New Rachael,West Virginia,36-45
117,Allison Moore,2024-07-13,New Royland,Ohio,18-25
118,Michelle Murray,2024-05-18,North Lisa,Montana,18-25
119,Adam Blair,2024-07-16,Jeffborough,Maryland,above 55
120,Rebecca Sims,2025-04-02,North William,Alabama,26-35
121,Carolyn Bryant,2024-12-20,Weberstad,Delaware,18-25
122,Yolanda Nichols,2023-08-29,North Deborah,Montana,18-25
123,Mr. Kevin Chavez,2022-11-19,Coopertown,Nebraska,46-55
124,Caitlyn Owens,2024-10-29,New Brianstad,Nebraska,above 55
125,Rachael Bond,2025-02-20,East Marissa,Wyoming,46-55
126,Jacob Calhoun,2022-12-22,East Allisonburgh,Montana,36-45
127,Edward Beck,2023-07-24,South Carolineberg,Arkansas,above 55
128,Gary Burnett,2024-11-13,North Ronald,Missouri,26-35
129,Jason Robinson,2024-10-13,Port Dawnchester,Rhode Island,36-45
130,Peter Green,2024-09-26,Leetown,Mississippi,26-35
131,Cynthia Gonzales,2022-12-10,North Stephanieport,Delaware,18-25
132,Daniel Hernandez,2024-01-20,South Ericville,Montana,18-25
133,Sonya Nelson,2024-12-12,Port Kimberlyview,Mississippi,18-25
134,Sara Johnson,2024-01-20,South Scottton,Florida,18-25
135,Paul Kramer,2023-10-11,Chadton,Michigan,36-45
136,Michael Gonzalez,2025-04-02,New Williamton,South Dakota,36-45
137,Gary Simmons,2025-02-05,West Victor,North Dakota,18-25
138,Brandon Moore,2025-02-07,Melissaburgh,Oklahoma,above 55
139,Susan Hurst,2025-09-09,Lake Robertview,California,26-35
140,Amanda Howard,2025-04-28,Michelleville,Kentucky,36-45
141,David Perez,2024-12-08,New Jessicabury,New Hampshire,above 55
142,Kirk Ellis,2025-08-01,South Kristin,Nebraska,46-55
143,David Ochoa,2023-10-21,South Sheila,Mississippi,18-25
144,Dustin Perez,2025-09-17,Dakotachester,Kentucky,26-35
145,Laura Navarro,2024-12-31,West Kayla,Iowa,18-25
146,Stephanie Li,2023-11-17,Vazquezside,North Carolina,46-55
147,Kristy Clay,2025-07-23,Mccormickland,Nebraska,18-25
148,Mrs. Angela Moore,2022-11-26,South Robert,Arizona,46-55
149,Eric Kelly,2024-08-16,Port Douglaschester,Florida,above 55
150,Michael Wood,2024-03-10,Nicolefort,South Dakota,36-45
151,Dillon Humphrey,2025-05-10,Port Eric,South Carolina,36-45
152,James Mahoney,2025-02-20,East Alexander,Idaho,18-25
153,Stacey Schultz,2025-03-16,South Julie,Nevada,26-35
154,Omar Craig,2023-12-25,Collinsmouth,Kansas,above 55
155,Rhonda Reilly,2023-12-07,Susanland,Delaware,46-55
156,Danny Hall,2024-05-01,Port Kelly,Connecticut,36-45
157,Michael Ortiz,2024-06-12,Cruzfort,North Dakota,above 55
158,Amy Osborn,2023-05-20,Lake Kenneth,Alaska,above 55
159,Aaron Grant,2023-12-16,New Allenfurt,Pennsylvania,above 55
160,Henry Klein,2024-05-10,Rebeccaton,Wyoming,above 55
161,Michael Hogan,2023-04-23,South Mark,Kansas,18-25
162,Brett Giles,2024-10-03,East Chelseahaven,Iowa,26-35
163,Jay Brown,2025-06-23,South Beverlyberg,Nevada,26-35
164,Brenda Ramirez,2023-03-18,Stewartmouth,Montana,46-55
165,Dr. Mason Gray Jr.,2024-08-21,Lake David,California,46-55
166,Jeffrey Lloyd,2023-06-06,South George,Alaska,above 55
167,Lynn Oliver,2024-06-24,Lake Samuelville,Washington,46-55
168,Kathleen Warner,2025-02-14,North Elizabeth,Vermont,18-25
169,Dr. Randy Randall,2025-03-08,Waltersshire,Texas,26-35
170,Elizabeth Owen,2024-11-30,New Jameschester,New York,36-45
171,Susan Soto,2025-09-06,Sarahshire,Minnesota,46-55
172,Robert Ruiz,2024-03-30,Michelemouth,Montana,36-45
173,Steven Mills,2024-05-14,North Drew,New Hampshire,18-25
174,Paul Strickland,2024-09-22,Walkerport,Ohio,above 55
175,Andre Horn,2022-10-19,Port Nathanfurt,Maine,18-25
176,Morgan Lucas,2023-11-20,Princeview,Iowa,above 55
177,Daniel Pena,2024-06-04,Norrisland,Arkansas,above 55
178,Amanda Rodriguez,2024-08-22,Leemouth,Vermont,above 55
179,Richard Douglas,2025-08-11,North Pamelamouth,Delaware,18-25
180,Michael Simpson,2024-11-23,Kellyton,New Jersey,26-35
181,Alicia Johnson,2024-10-01,Nelsonhaven,Massachusetts,26-35
182,Taylor Smith,2022-10-15,Jacksontown,North Dakota,36-45
183,Katie Arellano,2023-03-19,South Petershire,South Dakota,18-25
184,Ryan Fletcher,2022-10-24,New Kellymouth,Washington,26-35
185,John Francis,2025-07-03,Port Diana,Michigan,18-25
186,Darren Singh,2024-10-27,Katrinabury,Maryland,46-55
187,Nicole Johnson,2023-01-11,Port Joel,New Jersey,46-55
188,Brenda Jackson,2023-03-14,Myerston,South Dakota,above 55
189,Darrell Hansen,2023-10-22,New Michelleton,Nebraska,36-45
190,Paige Romero,2024-05-26,East Candiceport,Alabama,36-45
191,Brian Miller,2024-07-25,South Jerryland,Iowa,46-55
192,Dana Clark,2024-10-08,Donaldhaven,North Dakota,36-45
193,Kelly Fisher,2023-11-05,Port Carla,Hawaii,above 55
194,Tammy Watts,2024-12-12,Lake Douglasbury,New Mexico,18-25
195,Tracey Garza,2023-07-10,South Brian,Utah,36-45
196,Alexander Clark,2023-12-22,Andersonstad,California,18-25
197,Michelle Hill,2022-12-12,North Amyberg,Maryland,18-25
198,Nicole Chang,2024-01-05,Lake Davidshire,Iowa,26-35
199,Jacob Mayo,2023-12-14,East Matthewmouth,Alabama,36-45
200,Pamela Frederick,2025-04-28,New Jerry,Washington,46-55
201,Gabrielle Shelton,2023-11-04,West Kellyville,Alabama,18-25
202,Ms. Melissa Davis,2023-07-02,Hansenside,Kentucky,36-45
203,Randy Jordan,2024-05-10,Michaelmouth,Virginia,above 55
204,Terry Jones,2023-05-31,Monicahaven,New Jersey,26-35
205,Anna Alexander,2024-06-04,West Joshuaton,West Virginia,above 55
206,Jordan Lee,2025-02-11,North Jonathonstad,New York,46-55
207,Scott Mathews,2025-07-06,Courtneyborough,New Jersey,36-45
208,Kenneth Cook,2025-05-13,Gonzalezside,Connecticut,18-25
209,Victor Walters,2024-08-26,East Craig,Massachusetts,46-55
210,Steven Jones,2025-01-12,Smithport,South Dakota,above 55
211,Patrick White,2024-04-21,Arnoldbury,Vermont,26-35
212,Sherry Guerra,2025-03-11,Freemanhaven,Tennessee,18-25
213,Kylie Choi,2025-04-07,East Wayneburgh,Rhode Island,18-25
214,Traci Wise,2023-08-22,Kristineside,Maine,18-25
215,Steven Shaw,2025-05-24,New Erichaven,New York,above 55
216,Maria Hendricks,2022-11-04,Kempberg,Arkansas,18-25
217,Kevin Jennings,2023-07-30,South Reginaldstad,Oregon,46-55
218,Mr. Justin Butler,2023-10-06,Amberborough,Virginia,26-35
219,Stacy Collins,2022-10-11,South Darlenehaven,Washington,46-55
220,Robert Arroyo,2023-04-14,Lisastad,Arkansas,above 55
221,Richard Ross,2024-03-26,Devinborough,Arkansas,18-25
222,Douglas Ortega Jr.,2023-10-19,Mackville,Iowa,18-25
223,James Jennings,2025-03-05,East Jonathan,Maryland,46-55
224,Joseph Lamb,2025-03-28,Tatestad,Maryland,above 55
225,Steven Ward,2024-09-07,New Jenniferborough,Minnesota,18-25
226,Jamie Sanchez,2024-08-24,Port Matthewfort,Oklahoma,46-55
227,Louis Ford,2025-05-05,Mannstad,North Carolina,26-35
228,Susan Jones,2024-10-11,Sandersland,Illinois,46-55
229,Amanda Kelly,2023-10-20,West Loganstad,Rhode Island,46-55
230,Danielle Herrera,2022-10-06,Tylerside,Arizona,26-35
231,Melissa Nguyen,2023-01-22,New Kathryn,South Dakota,26-35
232,Roy Hernandez,2022-12-24,Christianville,Arizona,26-35
233,Andrew Trujillo,2024-03-07,Port Loganland,Oregon,46-55
234,Rachel Jackson,2025-05-18,Knoxtown,Minnesota,18-25
235,Ana Velasquez,2023-06-12,Lake Cindyshire,Iowa,26-35
236,David Martin,2025-07-27,Karenhaven,Arizona,46-55
237,Shelby Johnston,2024-06-03,Bishopchester,Maryland,36-45
238,Michael Garcia,2023-09-23,West Carlos,California,36-45
239,Teresa Harris,2023-03-07,North Kathy,Missouri,above 55
240,Vanessa Smith,2025-03-03,Baileymouth,Vermont,46-55
241,Ann Silva,2023-03-20,Castrohaven,Iowa,18-25
242,Calvin Smith,2025-02-05,Frankfort,Minnesota,26-35
243,Mr. Evan Woods,2023-08-28,Yolandachester,Oregon,18-25
244,Carl Hall,2024-04-01,North Cody,Kansas,46-55
245,Angelica Frazier,2025-08-20,Patriciafurt,West Virginia,46-55
246,Rebecca Adams,2025-01-26,Atkinston,Louisiana,18-25
247,Kevin Bass,2024-11-30,Bellland,Tennessee,46-55
248,Emily Jones,2023-04-12,East Christinetown,Massachusetts,18-25
249,James Wright,2025-05-26,North Brian,Minnesota,above 55
250,Christina Stout,2023-02-11,Lake Nicole,Nevada,26-35
251,Kevin Guerrero,2024-01-06,South Alice,Mississippi,46-55
252,Adam Heath,2024-02-18,Lake Nathan,Louisiana,above 55
253,Daniel Vasquez,2025-01-19,Emilyside,Minnesota,46-55
254,Michelle Caldwell,2022-10-26,New Lindsey,Rhode Island,above 55
255,Derrick Hull,2023-06-22,North Kimberly,New Mexico,36-45
256,Kelly Martin,2025-06-27,South Jenniferview,Virginia,above 55
257,Ralph Douglas,2023-01-26,Jacksonfurt,Colorado,26-35
258,Stacie Douglas,2023-12-03,Port David,Arkansas,36-45
259,Anthony Hall,2024-01-20,Lake Kyleburgh,Arkansas,46-55
260,Kathryn Montoya,2024-08-13,Harrisberg,Georgia,46-55
261,Kevin Stanton,2024-08-02,North Brandon,Missouri,above 55
262,Ryan Harding,2023-10-02,Francotown,Iowa,above 55
263,Sara Gonzalez,2024-08-15,Port Judithbury,South Dakota,above 55
264,Marcus Mitchell,2025-04-19,Collinbury,Utah,26-35
265,Mark Brown,2023-05-14,Kimberlyland,South Carolina,46-55
266,Ronald Williams,2025-04-16,North Hannah,Texas,36-45
267,Carlos Hendricks,2023-01-19,Reneeshire,Maine,46-55
268,Mark Bonilla,2025-07-04,Mcdonaldview,California,46-55
269,Antonio Myers,2022-12-27,South Luisbury,Wisconsin,26-35
270,Amber Mooney,2024-05-14,Collinsshire,Nebraska,36-45
271,Patrick Chambers,2025-04-21,Mayoshire,Massachusetts,36-45
272,Alexander Wilson,2024-09-12,East Scott,Maryland,26-35
273,Corey Tran,2024-09-21,New Brittany,Rhode Island,26-35
274,Shelly Hurst,2024-08-16,Lindsayport,Georgia,36-45
275,Leonard Flores,2024-07-21,Jamiefort,Tennessee,36-45
276,Curtis Flores,2024-05-30,South Katherinehaven,Arkansas,above 55
277,Dana Brown,2024-09-13,West Katelyn,Delaware,18-25
278,Sherry Smith,2024-10-25,North Brendan,Maine,18-25
279,Sean Villanueva,2023-12-22,Port Lisa,Nebraska,18-25
280,Michael Cameron,2025-07-23,Caseyfurt,Georgia,46-55
281,Patrick Scott,2023-10-01,Jessicachester,California,above 55
282,Todd Morris,2022-10-24,Tammyborough,New Mexico,18-25
283,Alexa Valdez,2025-09-08,Perezview,Arkansas,26-35
284,Terry Cross,2023-11-06,Churchburgh,Oregon,36-45
285,Aimee Rodriguez,2025-03-26,Gregoryborough,Nebraska,above 55
286,Alexander Estes,2025-02-20,East Johnton,Hawaii,18-25
287,Patrick Curtis,2024-03-29,Cuevasland,Georgia,18-25
288,Manuel Perry,2023-12-24,New Angelaland,Rhode Island,36-45
289,Jeffrey Mcneil,2024-04-15,West Annabury,Missouri,above 55
290,Nicholas Chang,2025-06-24,Lake Mariaberg,Pennsylvania,26-35
291,Jo Mitchell,2025-05-01,South Ana,Indiana,18-25
292,Michael Stephenson,2023-12-31,North Rebecca,Arkansas,18-25
293,Steven Garcia,2023-06-13,Arthurchester,Virginia,above 55
294,Diane Cruz,2023-02-06,Faithton,Connecticut,18-25
295,Joshua Rojas,2023-10-23,North Stevenport,South Carolina,above 55
296,Jessica Harris,2024-06-26,North Sarah,Tennessee,36-45
297,Gregory Gonzalez,2024-04-03,Lisamouth,Iowa,18-25
298,Thomas Rodriguez,2023-03-28,Michaelborough,Kansas,26-35
299,Jennifer Elliott,2024-11-03,South Paultown,Michigan,36-45
300,Terrence Calderon,2025-08-05,Rebeccamouth,New Mexico,36-45
301,Wesley Simmons,2024-10-16,Garyport,Texas,18-25
302,Jacqueline Reynolds,2023-01-26,East Sarabury,South Carolina,above 55
303,Jim Brooks,2023-07-26,Hahnfurt,New Hampshire,18-25
304,Samuel Jenkins,2024-07-26,Payneburgh,Hawaii,36-45
305,Elizabeth Simpson,2024-11-18,Butlertown,Indiana,above 55
306,Amanda Fry,2023-01-14,West Heathermouth,Oklahoma,46-55
307,Brian Williams,2022-10-19,Brownmouth,California,above 55
308,Heather Novak,2023-07-15,Janiceville,Nebraska,26-35
309,Elizabeth Vasquez,2024-10-14,Lake Jody,New Jersey,46-55
310,Matthew Ball,2025-03-28,West Craigbury,Virginia,18-25
311,Angelica Sullivan,2023-05-05,South William,North Dakota,26-35
312,Martin Goodwin,2023-10-22,Cortezchester,Illinois,36-45
313,Alexander Hanson,2024-06-12,New Jeffrey,Idaho,18-25
314,Bryce Collins,2024-08-31,North Ricardoberg,Kansas,46-55
315,Stephanie Contreras,2024-07-09,New Alexandermouth,New Jersey,26-35
316,Mrs. Melanie Reynolds DVM,2024-11-21,Jefferystad,Maryland,above 55
317,Joshua Pruitt,2022-12-28,Lloydmouth,Alaska,46-55
318,Mark Campbell,2022-11-04,Mcguiremouth,Delaware,46-55
319,Jessica Cannon,2023-04-07,Hallborough,Alaska,36-45
320,Rachel Schwartz,2024-01-01,Brianfurt,South Dakota,36-45
321,Dawn Lopez,2022-11-14,Lake Danielletown,Massachusetts,36-45
322,Michael Carpenter,2024-09-19,Wendyville,Washington,26-35
323,Kellie Hurley,2023-04-07,West Amy,Missouri,36-45
324,Chelsea Davidson,2025-05-02,New Danny,Vermont,above 55
325,Crystal Barry,2025-02-20,Aguilarview,Kentucky,18-25
326,Katie Wilson,2024-12-17,West Andrea,Florida,46-55
327,Betty Keller,2022-10-12,New Douglas,Michigan,46-55
328,Brandy White,2024-06-03,New Andrewberg,West Virginia,36-45
329,Tamara Lee,2025-05-02,Larryfurt,New Jersey,36-45
330,Tyler Mitchell,2025-06-19,Palmerberg,Delaware,36-45
331,Kevin Rogers,2023-02-10,Hahnstad,New Hampshire,46-55
332,Courtney Cole,2024-11-04,Port Kristinamouth,South Dakota,18-25
333,Kent Avery,2023-07-31,Millerhaven,New Hampshire,above 55
334,Michael Graham,2023-08-06,Andrewstown,Connecticut,18-25
335,Charles Rodriguez,2024-12-23,West Jenniferside,Vermont,18-25
336,Kenneth Thomas,2024-02-01,Port James,Maine,46-55
337,Christine Cook,2023-07-29,Porterstad,Ohio,18-25
338,Ashley Wilson,2025-03-12,Luisbury,Maryland,36-45
339,Kevin Rodriguez,2025-09-08,Douglasfurt,Ohio,26-35
340,Hector Parks,2023-11-20,West Jennaview,Pennsylvania,26-35
341,Duane Brown,2023-08-03,West Melanie,Pennsylvania,46-55
342,James Bass,2023-12-03,South Kathrynview,Mississippi,18-25
343,Allison Ward,2023-03-03,Combsfurt,Idaho,36-45
344,Mrs. Ashley Humphrey,2023-01-14,North Jessicabury,Delaware,46-55
345,Michelle Valdez,2022-12-06,West Stephenshire,Missouri,above 55
346,Amanda Pitts,2024-11-23,New Kimberly,Hawaii,46-55
347,James Smith,2023-09-05,Elliottfort,Connecticut,18-25
348,Jessica Grant,2025-02-05,East Patrick,Delaware,46-55
349,Jessica Jackson,2022-12-14,Schmidtmouth,North Carolina,18-25
350,Cory Nichols,2025-06-20,Wellschester,Florida,18-25
351,Mitchell Sims DDS,2024-09-27,Christopherton,Georgia,36-45
352,Amanda Browning,2025-09-03,Jochester,Maryland,18-25
353,Andrew Ramos,2023-05-25,Diazland,Iowa,26-35
354,Jordan Horn,2025-06-01,Port Codyton,South Dakota,18-25
355,Stephanie Cardenas,2025-06-05,North Audrey,Michigan,18-25
356,Brittany Figueroa,2024-08-31,North Jennifer,Maine,36-45
357,Bryce Black,2022-12-21,New Stevenbury,Kansas,26-35
358,Travis Morrison,2024-01-14,Ochoaview,Iowa,26-35
359,Samantha Archer,2023-07-29,Cantufort,Massachusetts,36-45
360,Mary Henson PhD,2022-11-16,Johnsonfort,Delaware,18-25
361,Brandi Watson,2025-01-12,Port Diana,Tennessee,above 55
362,Nicole Allen,2025-08-09,Smithview,Kentucky,36-45
363,Maureen King,2023-12-12,Michaelchester,Missouri,36-45
364,Joyce Smith,2025-05-21,Lake Tinaborough,Massachusetts,above 55
365,Melanie Garrett,2023-07-14,South Jonathan,Maine,46-55
366,Latoya Harrell,2025-01-09,Lake Theresashire,Missouri,18-25
367,Donald Hill,2022-12-21,Karenhaven,Nebraska,46-55
368,Julie Smith,2024-07-14,South Wesley,Montana,26-35
369,Matthew Roberts,2024-12-11,Westborough,Delaware,above 55
370,Paul Mcdonald,2022-11-03,Owensport,Florida,18-25
371,Lisa Anderson,2025-07-26,Williamschester,Kentucky,36-45
372,April Bender,2022-12-13,Howardburgh,Louisiana,18-25
373,Alex Mccarty,2024-10-29,New Sarah,Kansas,46-55
374,Terry Barker,2025-04-30,Clintonhaven,Maine,18-25
375,Dustin Schaefer,2022-11-01,Lake Tyler,Indiana,above 55
376,Marcus Rivera,2025-01-29,Brittneyland,New Jersey,46-55
377,Alyssa Berry DVM,2023-06-09,Lake Melissa,Tennessee,36-45
378,Gregory Baker,2025-04-30,West Michaelstad,New Hampshire,46-55
379,Katie Adams,2024-10-20,West Kaitlynton,Montana,18-25
380,Mary Jones,2023-06-22,Greenfurt,Pennsylvania,36-45
381,Tasha Hampton,2024-10-22,Roseborough,Utah,18-25
382,Kristina Hunter,2023-03-22,New Roberttown,Delaware,36-45
383,Lydia Norton,2025-04-03,Port Jeffery,Utah,36-45
384,Crystal Hernandez,2025-04-07,Jeffreyville,Wyoming,18-25
385,Sean Russo,2023-09-15,Chavezhaven,Wisconsin,36-45
386,Jordan Blake,2024-05-31,Robinchester,Kentucky,26-35
387,James Alexander,2025-07-07,Coltonview,Idaho,above 55
388,Keith West,2023-03-04,West Joseph,Alaska,36-45
389,Joseph Malone,2024-07-08,Port David,Minnesota,above 55
390,Donna Davis,2024-03-15,Jasonville,Massachusetts,36-45
391,Glen Gonzalez,2022-11-29,Ashleystad,Delaware,36-45
392,Audrey Potts,2023-09-27,New Aaron,Kansas,46-55
393,Joshua Swanson,2025-06-26,Elizabethton,Nebraska,36-45
394,Kevin Silva,2025-03-02,Troystad,Alabama,26-35
395,Martha Thompson,2025-01-10,New Rodneyborough,Massachusetts,46-55
396,Patricia Martin,2024-12-27,Melissabury,Oregon,46-55
397,Robert Williams,2023-08-28,Garciashire,West Virginia,18-25
398,Christopher Wise,2024-12-01,Palmerland,Indiana,above 55
399,Angel Jones,2023-04-22,Laurenshire,Ohio,18-25
400,Kelly Mullen,2023-12-17,Scottfort,Arkansas,36-45
401,Tina Griffin,2023-11-26,North Samuel,Delaware,18-25
402,Lauren Gomez,2023-01-24,East Jennifermouth,Illinois,36-45
403,Allen Washington,2023-07-15,North Daniel,Connecticut,above 55
404,Mr. Brian White DDS,2025-01-27,Lake Kyle,Alaska,46-55
405,Kimberly Key,2025-05-17,North John,Louisiana,46-55
406,Eric Stein,2023-02-23,North Catherine,Indiana,26-35
407,James Turner,2024-04-25,South Brittany,Connecticut,46-55
408,Gregg Smith,2025-05-25,Kristafort,Virginia,36-45
409,Alexandra Johnson,2024-01-06,East Stephenberg,Maine,26-35
410,Brittney Mcdaniel,2024-05-14,Hillmouth,Delaware,36-45
411,Stephanie Williams,2024-03-23,West Jill,New Jersey,above 55
412,Raymond Robinson,2025-03-27,Lake Johnfurt,New Jersey,above 55
413,Robert Lambert,2024-08-16,Lake Jonathan,Alabama,18-25
414,Olivia Lopez,2025-05-24,Port Courtney,New Jersey,36-45
415,Ronald Wolfe,2023-10-02,Jennafurt,West Virginia,36-45
416,Dr. Michael Martinez MD,2024-04-05,West Zachary,New York,46-55
417,Ana Spears,2022-10-21,Stephensonton,Virginia,46-55
418,Helen Flores,2023-08-05,Craigside,Mississippi,26-35
419,Scott Turner,2024-06-26,New Shannonstad,Illinois,above 55
420,William Thompson,2025-06-27,South Bonniemouth,New Hampshire,above 55
421,Keith Mayer,2024-02-28,Jeannechester,New Jersey,above 55
422,Dr. James Gonzalez,2022-12-25,South Sherryshire,Hawaii,46-55
423,Heidi Myers,2023-06-16,Hopkinsmouth,Hawaii,26-35
424,Erin Davis,2024-12-08,Chaseshire,New Jersey,18-25
425,Ruth Collins,2023-12-30,Lake Johnny,Montana,26-35
426,Sarah Li,2025-04-13,New Davidmouth,Pennsylvania,26-35
427,Connie Kennedy,2024-01-28,West Jennifermouth,Idaho,18-25
428,Amanda Graves,2024-09-14,Molinaborough,Delaware,above 55
429,Kevin Moore,2024-07-06,North Bryanton,Oklahoma,26-35
430,Maria Carter,2025-04-30,Port Heatherfurt,Alaska,46-55
431,Rachel Mullins,2025-04-20,South Kimberlyhaven,Arkansas,26-35
432,Michael Ramirez,2024-06-12,South Williamville,Virginia,46-55
433,Gregory Mccormick,2023-09-21,Petersonton,New Jersey,above 55
434,Hannah Burnett MD,2023-05-10,Lake Joseph,Kansas,46-55
435,Jasmine Gomez,2023-07-07,Melissaland,Vermont,26-35
436,Dustin Potter,2024-06-18,West Sueton,Georgia,46-55
437,Justin Grimes,2023-03-02,West Derekside,Oregon,26-35
438,Steven Wood,2024-03-19,Hollandside,Iowa,above 55
439,David Sawyer,2023-03-06,East Williamchester,Idaho,36-45
440,Laurie Castro,2025-01-22,Hubbardview,Nevada,36-45
441,Lynn Mathis,2023-12-12,Rodriguezfort,California,36-45
442,Michael Jones,2025-08-06,Yoderhaven,Washington,36-45
443,Alexander Keith,2025-09-13,South Steven,Oregon,36-45
444,Brianna Gutierrez,2024-05-04,New Barbara,North Dakota,26-35
445,Sharon Rogers,2023-01-13,East Mario,Indiana,26-35
446,Karen Valdez,2024-03-22,East Christopherstad,Montana,above 55
447,Meredith Bennett,2024-03-18,Port Christineburgh,Texas,above 55
448,Bryan Arroyo,2023-10-05,Cindybury,Oklahoma,26-35
449,Dylan Lewis,2023-04-29,Welchton,North Carolina,18-25
450,James Robinson,2023-05-03,Tylerfort,Tennessee,26-35
451,Christine Nunez,2023-06-23,Jenniferland,Delaware,36-45
452,Deborah Mendoza,2023-08-05,West Jessica,Maryland,46-55
453,Heather Contreras,2023-09-09,Marshallview,Hawaii,above 55
454,Margaret Lane,2025-06-16,North Jacqueline,Connecticut,36-45
455,William Dunn,2023-01-28,Ashleymouth,Nevada,36-45
456,Jordan Harrison,2023-04-23,South Josephview,Maine,36-45
457,Holly Morrow,2025-05-06,Fieldschester,Minnesota,36-45
458,Vincent Lopez,2023-10-26,East Nicolas,Washington,46-55
459,Angela Lopez,2023-07-02,South Caitlin,Nevada,26-35
460,Marissa Santiago,2022-11-23,Yolandaside,Arizona,36-45
461,Debbie Mayer,2024-01-08,Lawrenceview,Kansas,above 55
462,Carlos Dickerson,2024-12-14,South Joshua,North Dakota,18-25
463,Nicole Nicholson,2025-06-01,East David,Wisconsin,18-25
464,Carlos Harris,2025-04-18,New Danielle,New Jersey,46-55
465,Michelle Martinez,2025-09-24,Nelsonton,Washington,18-25
466,Robert Wood,2024-10-26,Beckerport,Maine,above 55
467,Raymond Mclean,2023-06-08,West William,Washington,36-45
468,Kristen Owens,2024-04-23,Courtneyton,Iowa,18-25
469,April Smith,2023-08-28,East Lindsaytown,Oklahoma,18-25
470,Mr. Jonathan Lee,2024-03-21,Woodfort,Maine,18-25
471,Elizabeth Brown,2024-03-05,Lake Julian,Illinois,26-35
472,Michael Morrow,2025-03-03,Lewisview,Delaware,18-25
473,Chelsea Harrison,2023-05-25,West Jessicaburgh,Indiana,above 55
474,Henry Reyes,2024-12-21,Lake Kevinburgh,Vermont,36-45
475,David Guerrero,2022-10-07,North Kyle,New Jersey,46-55
476,Sarah Knapp,2024-07-15,Leslieberg,Maine,36-45
477,Elizabeth Lyons,2023-09-23,Leemouth,Alaska,46-55
478,Alicia Hodges,2023-03-01,Williammouth,Ohio,18-25
479,Jennifer Morgan,2023-12-30,Port Stephanieville,Massachusetts,46-55
480,Tony Clark,2025-04-04,Gonzalezchester,New Hampshire,46-55
481,Brent Ray,2023-10-11,West Mark,West Virginia,18-25
482,Mr. Anthony Yang,2024-11-04,Whitehaven,Texas,26-35
483,David Tate,2024-07-26,Elizabethland,Michigan,18-25
484,Amanda Palmer,2024-01-29,Howellfort,New York,above 55
485,Bruce Marks,2024-12-30,Wilsonberg,Oregon,36-45
486,Larry Guerra,2023-03-09,West Shari,Indiana,46-55
487,Cody Reynolds,2023-10-17,New Robertmouth,Tennessee,above 55
488,Mark Williams,2025-01-16,Tannerville,Texas,26-35
489,Brian Ferguson,2025-06-13,North Jose,Arkansas,26-35
490,Joseph Robertson,2024-10-16,Jacksonchester,Illinois,18-25
491,Mr. Raymond Blair,2025-06-04,West Marychester,Nevada,above 55
492,Anna Lopez,2025-01-29,Jennifershire,Alaska,26-35
493,Mr. Andrew Griffin,2023-02-07,East Ralphland,Maryland,18-25
494,Molly Cook,2024-01-12,South Kevinfurt,Georgia,above 55
495,Olivia Reyes,2023-02-16,Nguyenfort,Texas,26-35
496,Terry Wright,2023-01-04,Davisfurt,Florida,26-35
497,Brent Hurst,2024-01-15,New Benjamin,Massachusetts,18-25
498,Karen Lynch,2023-05-09,Martinfurt,Utah,26-35
499,Stacy Lamb,2025-01-17,Port Phillip,Georgia,above 55
500,Mr. Jonathan Stanley,2025-03-02,Richmondville,Massachusetts,26-35
